Workbook

Sheet events
A1: eventID | B1: internal_eventID | C1: sampleNumber | D1: parentEventID | E1: internal_parentEventID | F1: eventDate | G1: year | H1: month | I1: day | J1: periodNumber | K1: samplingProtocol | L1: samplingEffort | M1: sampleSizeValue | N1: sampleSizeUnit | O1: locationID | P1: internal_locationID | Q1: locality | R1: stationNumber | S1: decimalLatitude | T1: decimalLongitude | U1: geodeticDatum | V1: coordinateUncertaintyInMeters | W1: countryCode | X1: country | Y1: stateProvince | Z1: county
B2: Barsetvatnet_05_05_2023_round_1 | C2: 1 | E2: Barsetvatnet_05_05_2023 | F2: =_xlfn.XLOOKUP($E2,parent_events!$B$2:$B$56,parent_events!$C$2:$C$56,"NA") -> 45051 | G2: =_xlfn.XLOOKUP($E2,parent_events!$B$2:$B$56,parent_events!$D$2:$D$56,"NA") -> 2023 | H2: =_xlfn.XLOOKUP($E2,parent_events!$B$2:$B$56,parent_events!$E$2:$E$56,"NA") -> 5 | I2: =_xlfn.XLOOKUP($E2,parent_events!$B$2:$B$56,parent_events!$F$2:$F$56,"NA") -> 5 | J2: =_xlfn.XLOOKUP($E2,parent_events!$B$2:$B$56,parent_events!$G$2:$G$56,"NA") -> 1 | K2: =_xlfn.XLOOKUP($E2,parent_events!$B$2:$B$56,parent_events!$H$2:$H$56,"NA") -> Rot (1 min) | L2: =_xlfn.XLOOKUP($E2,parent_events!$B$2:$B$56,parent_events!$I$2:$I$56,"NA") -> "5 replicates of 1 minute kick samples" | M2: =_xlfn.XLOOKUP($E2,parent_events!$B$2:$B$56,parent_events!$J$2:$J$56,"NA") -> 1 | N2: =_xlfn.XLOOKUP($E2,parent_events!$B$2:$B$56,parent_events!$K$2:$K$56,"NA") -> decimalMinute | P2: =_xlfn.XLOOKUP($E2,parent_events!$B$2:$B$56,parent_events!$L$2:$L$56,"NA") -> Barsetvatnet_st1 | Q2: =_xlfn.XLOOKUP($P2,localities!$B$2:$B$49,localities!$C$2:$C$49,"NA") -> Barsetvatnet | R2: =_xlfn.XLOOKUP($P2,localities!$B$2:$B$49,localities!$D$2:$D$49,"NA") -> 1 | S2: =_xlfn.XLOOKUP($P2,localities!$B$2:$B$49,localities!$E$2:$E$49,"NA") -> 63.797786 | T2: =_xlfn.XLOOKUP($P2,localities!$B$2:$B$49,localities!$F$2:$F$49,"NA") -> 9.8281853 | U2: =_xlfn.XLOOKUP($P2,localities!$B$2:$B$49,localities!$G$2:$G$49,"NA") -> WGS84 | V2: =_xlfn.XLOOKUP($P2,localities!$B$2:$B$49,localities!$H$2:$H$49,"NA") -> 5 | W2: =_xlfn.XLOOKUP($P2,localities!$B$2:$B$49,localities!$I$2:$I$49,"NA") -> NOR | X2: =_xlfn.XLOOKUP($P2,localities!$B$2:$B$49,localities!$J$2:$J$49,"NA") -> Norway | Y2: =_xlfn.XLOOKUP($P2,localities!$B$2:$B$49,localities!$K$2:$K$49,"NA") -> Sør-Trøndelag | Z2: =_xlfn.XLOOKUP($P2,localities!$B$2:$B$49,localities!$L$2:$L$49,"NA") -> Ørland
B3: Barsetvatnet_05_05_2023_round_2 | C3: 2 | E3: Barsetvatnet_05_05_2023 | F3: =_xlfn.XLOOKUP($E3,parent_events!$B$2:$B$56,parent_events!$C$2:$C$56,"NA") -> 45051 | G3: =_xlfn.XLOOKUP($E3,parent_events!$B$2:$B$56,parent_events!$D$2:$D$56,"NA") -> 2023 | H3: =_xlfn.XLOOKUP($E3,parent_events!$B$2:$B$56,parent_events!$E$2:$E$56,"NA") -> 5 | I3: =_xlfn.XLOOKUP($E3,parent_events!$B$2:$B$56,parent_events!$F$2:$F$56,"NA") -> 5 | J3: =_xlfn.XLOOKUP($E3,parent_events!$B$2:$B$56,parent_events!$G$2:$G$56,"NA") -> 1 | K3: =_xlfn.XLOOKUP($E3,parent_events!$B$2:$B$56,parent_events!$H$2:$H$56,"NA") -> Rot (1 min) | L3: =_xlfn.XLOOKUP($E3,parent_events!$B$2:$B$56,parent_events!$I$2:$I$56,"NA") -> "5 replicates of 1 minute kick samples" | M3: =_xlfn.XLOOKUP($E3,parent_events!$B$2:$B$56,parent_events!$J$2:$J$56,"NA") -> 1 | N3: =_xlfn.XLOOKUP($E3,parent_events!$B$2:$B$56,parent_events!$K$2:$K$56,"NA") -> decimalMinute | P3: =_xlfn.XLOOKUP($E3,parent_events!$B$2:$B$56,parent_events!$L$2:$L$56,"NA") -> Barsetvatnet_st1 | Q3: =_xlfn.XLOOKUP($P3,localities!$B$2:$B$49,localities!$C$2:$C$49,"NA") -> Barsetvatnet | R3: =_xlfn.XLOOKUP($P3,localities!$B$2:$B$49,localities!$D$2:$D$49,"NA") -> 1 | S3: =_xlfn.XLOOKUP($P3,localities!$B$2:$B$49,localities!$E$2:$E$49,"NA") -> 63.797786 | T3: =_xlfn.XLOOKUP($P3,localities!$B$2:$B$49,localities!$F$2:$F$49,"NA") -> 9.8281853 | U3: =_xlfn.XLOOKUP($P3,localities!$B$2:$B$49,localities!$G$2:$G$49,"NA") -> WGS84 | V3: =_xlfn.XLOOKUP($P3,localities!$B$2:$B$49,localities!$H$2:$H$49,"NA") -> 5 | W3: =_xlfn.XLOOKUP($P3,localities!$B$2:$B$49,localities!$I$2:$I$49,"NA") -> NOR | X3: =_xlfn.XLOOKUP($P3,localities!$B$2:$B$49,localities!$J$2:$J$49,"NA") -> Norway | Y3: =_xlfn.XLOOKUP($P3,localities!$B$2:$B$49,localities!$K$2:$K$49,"NA") -> Sør-Trøndelag | Z3: =_xlfn.XLOOKUP($P3,localities!$B$2:$B$49,localities!$L$2:$L$49,"NA") -> Ørland
B4: Barsetvatnet_05_05_2023_round_3 | C4: 3 | E4: Barsetvatnet_05_05_2023 | F4: =_xlfn.XLOOKUP($E4,parent_events!$B$2:$B$56,parent_events!$C$2:$C$56,"NA") -> 45051 | G4: =_xlfn.XLOOKUP($E4,parent_events!$B$2:$B$56,parent_events!$D$2:$D$56,"NA") -> 2023 | H4: =_xlfn.XLOOKUP($E4,parent_events!$B$2:$B$56,parent_events!$E$2:$E$56,"NA") -> 5 | I4: =_xlfn.XLOOKUP($E4,parent_events!$B$2:$B$56,parent_events!$F$2:$F$56,"NA") -> 5 | J4: =_xlfn.XLOOKUP($E4,parent_events!$B$2:$B$56,parent_events!$G$2:$G$56,"NA") -> 1 | K4: =_xlfn.XLOOKUP($E4,parent_events!$B$2:$B$56,parent_events!$H$2:$H$56,"NA") -> Rot (1 min) | L4: =_xlfn.XLOOKUP($E4,parent_events!$B$2:$B$56,parent_events!$I$2:$I$56,"NA") -> "5 replicates of 1 minute kick samples" | M4: =_xlfn.XLOOKUP($E4,parent_events!$B$2:$B$56,parent_events!$J$2:$J$56,"NA") -> 1 | N4: =_xlfn.XLOOKUP($E4,parent_events!$B$2:$B$56,parent_events!$K$2:$K$56,"NA") -> decimalMinute | P4: =_xlfn.XLOOKUP($E4,parent_events!$B$2:$B$56,parent_events!$L$2:$L$56,"NA") -> Barsetvatnet_st1 | Q4: =_xlfn.XLOOKUP($P4,localities!$B$2:$B$49,localities!$C$2:$C$49,"NA") -> Barsetvatnet | R4: =_xlfn.XLOOKUP($P4,localities!$B$2:$B$49,localities!$D$2:$D$49,"NA") -> 1 | S4: =_xlfn.XLOOKUP($P4,localities!$B$2:$B$49,localities!$E$2:$E$49,"NA") -> 63.797786 | T4: =_xlfn.XLOOKUP($P4,localities!$B$2:$B$49,localities!$F$2:$F$49,"NA") -> 9.8281853 | U4: =_xlfn.XLOOKUP($P4,localities!$B$2:$B$49,localities!$G$2:$G$49,"NA") -> WGS84 | V4: =_xlfn.XLOOKUP($P4,localities!$B$2:$B$49,localities!$H$2:$H$49,"NA") -> 5 | W4: =_xlfn.XLOOKUP($P4,localities!$B$2:$B$49,localities!$I$2:$I$49,"NA") -> NOR | X4: =_xlfn.XLOOKUP($P4,localities!$B$2:$B$49,localities!$J$2:$J$49,"NA") -> Norway | Y4: =_xlfn.XLOOKUP($P4,localities!$B$2:$B$49,localities!$K$2:$K$49,"NA") -> Sør-Trøndelag | Z4: =_xlfn.XLOOKUP($P4,localities!$B$2:$B$49,localities!$L$2:$L$49,"NA") -> Ørland
B5: Barsetvatnet_05_05_2023_round_4 | C5: 4 | E5: Barsetvatnet_05_05_2023 | F5: =_xlfn.XLOOKUP($E5,parent_events!$B$2:$B$56,parent_events!$C$2:$C$56,"NA") -> 45051 | G5: =_xlfn.XLOOKUP($E5,parent_events!$B$2:$B$56,parent_events!$D$2:$D$56,"NA") -> 2023 | H5: =_xlfn.XLOOKUP($E5,parent_events!$B$2:$B$56,parent_events!$E$2:$E$56,"NA") -> 5 | I5: =_xlfn.XLOOKUP($E5,parent_events!$B$2:$B$56,parent_events!$F$2:$F$56,"NA") -> 5 | J5: =_xlfn.XLOOKUP($E5,parent_events!$B$2:$B$56,parent_events!$G$2:$G$56,"NA") -> 1 | K5: =_xlfn.XLOOKUP($E5,parent_events!$B$2:$B$56,parent_events!$H$2:$H$56,"NA") -> Rot (1 min) | L5: =_xlfn.XLOOKUP($E5,parent_events!$B$2:$B$56,parent_events!$I$2:$I$56,"NA") -> "5 replicates of 1 minute kick samples" | M5: =_xlfn.XLOOKUP($E5,parent_events!$B$2:$B$56,parent_events!$J$2:$J$56,"NA") -> 1 | N5: =_xlfn.XLOOKUP($E5,parent_events!$B$2:$B$56,parent_events!$K$2:$K$56,"NA") -> decimalMinute | P5: =_xlfn.XLOOKUP($E5,parent_events!$B$2:$B$56,parent_events!$L$2:$L$56,"NA") -> Barsetvatnet_st1 | Q5: =_xlfn.XLOOKUP($P5,localities!$B$2:$B$49,localities!$C$2:$C$49,"NA") -> Barsetvatnet | R5: =_xlfn.XLOOKUP($P5,localities!$B$2:$B$49,localities!$D$2:$D$49,"NA") -> 1 | S5: =_xlfn.XLOOKUP($P5,localities!$B$2:$B$49,localities!$E$2:$E$49,"NA") -> 63.797786 | T5: =_xlfn.XLOOKUP($P5,localities!$B$2:$B$49,localities!$F$2:$F$49,"NA") -> 9.8281853 | U5: =_xlfn.XLOOKUP($P5,localities!$B$2:$B$49,localities!$G$2:$G$49,"NA") -> WGS84 | V5: =_xlfn.XLOOKUP($P5,localities!$B$2:$B$49,localities!$H$2:$H$49,"NA") -> 5 | W5: =_xlfn.XLOOKUP($P5,localities!$B$2:$B$49,localities!$I$2:$I$49,"NA") -> NOR | X5: =_xlfn.XLOOKUP($P5,localities!$B$2:$B$49,localities!$J$2:$J$49,"NA") -> Norway | Y5: =_xlfn.XLOOKUP($P5,localities!$B$2:$B$49,localities!$K$2:$K$49,"NA") -> Sør-Trøndelag | Z5: =_xlfn.XLOOKUP($P5,localities!$B$2:$B$49,localities!$L$2:$L$49,"NA") -> Ørland
B6: Barsetvatnet_05_05_2023_round_5 | C6: 5 | E6: Barsetvatnet_05_05_2023 | F6: =_xlfn.XLOOKUP($E6,parent_events!$B$2:$B$56,parent_events!$C$2:$C$56,"NA") -> 45051 | G6: =_xlfn.XLOOKUP($E6,parent_events!$B$2:$B$56,parent_events!$D$2:$D$56,"NA") -> 2023 | H6: =_xlfn.XLOOKUP($E6,parent_events!$B$2:$B$56,parent_events!$E$2:$E$56,"NA") -> 5 | I6: =_xlfn.XLOOKUP($E6,parent_events!$B$2:$B$56,parent_events!$F$2:$F$56,"NA") -> 5 | J6: =_xlfn.XLOOKUP($E6,parent_events!$B$2:$B$56,parent_events!$G$2:$G$56,"NA") -> 1 | K6: =_xlfn.XLOOKUP($E6,parent_events!$B$2:$B$56,parent_events!$H$2:$H$56,"NA") -> Rot (1 min) | L6: =_xlfn.XLOOKUP($E6,parent_events!$B$2:$B$56,parent_events!$I$2:$I$56,"NA") -> "5 replicates of 1 minute kick samples" | M6: =_xlfn.XLOOKUP($E6,parent_events!$B$2:$B$56,parent_events!$J$2:$J$56,"NA") -> 1 | N6: =_xlfn.XLOOKUP($E6,parent_events!$B$2:$B$56,parent_events!$K$2:$K$56,"NA") -> decimalMinute | P6: =_xlfn.XLOOKUP($E6,parent_events!$B$2:$B$56,parent_events!$L$2:$L$56,"NA") -> Barsetvatnet_st1 | Q6: =_xlfn.XLOOKUP($P6,localities!$B$2:$B$49,localities!$C$2:$C$49,"NA") -> Barsetvatnet | R6: =_xlfn.XLOOKUP($P6,localities!$B$2:$B$49,localities!$D$2:$D$49,"NA") -> 1 | S6: =_xlfn.XLOOKUP($P6,localities!$B$2:$B$49,localities!$E$2:$E$49,"NA") -> 63.797786 | T6: =_xlfn.XLOOKUP($P6,localities!$B$2:$B$49,localities!$F$2:$F$49,"NA") -> 9.8281853 | U6: =_xlfn.XLOOKUP($P6,localities!$B$2:$B$49,localities!$G$2:$G$49,"NA") -> WGS84 | V6: =_xlfn.XLOOKUP($P6,localities!$B$2:$B$49,localities!$H$2:$H$49,"NA") -> 5 | W6: =_xlfn.XLOOKUP($P6,localities!$B$2:$B$49,localities!$I$2:$I$49,"NA") -> NOR | X6: =_xlfn.XLOOKUP($P6,localities!$B$2:$B$49,localities!$J$2:$J$49,"NA") -> Norway | Y6: =_xlfn.XLOOKUP($P6,localities!$B$2:$B$49,localities!$K$2:$K$49,"NA") -> Sør-Trøndelag | Z6: =_xlfn.XLOOKUP($P6,localities!$B$2:$B$49,localities!$L$2:$L$49,"NA") -> Ørland
B7: Gjøljavatnet_07_05_2023_round_1 | C7: 1 | E7: Gjøljavatnet_07_05_2023 | F7: =_xlfn.XLOOKUP($E7,parent_events!$B$2:$B$56,parent_events!$C$2:$C$56,"NA") -> 45053 | G7: =_xlfn.XLOOKUP($E7,parent_events!$B$2:$B$56,parent_events!$D$2:$D$56,"NA") -> 2023 | H7: =_xlfn.XLOOKUP($E7,parent_events!$B$2:$B$56,parent_events!$E$2:$E$56,"NA") -> 5 | I7: =_xlfn.XLOOKUP($E7,parent_events!$B$2:$B$56,parent_events!$F$2:$F$56,"NA") -> 7 | J7: =_xlfn.XLOOKUP($E7,parent_events!$B$2:$B$56,parent_events!$G$2:$G$56,"NA") -> 1 | K7: =_xlfn.XLOOKUP($E7,parent_events!$B$2:$B$56,parent_events!$H$2:$H$56,"NA") -> Rot (1 min) | L7: =_xlfn.XLOOKUP($E7,parent_events!$B$2:$B$56,parent_events!$I$2:$I$56,"NA") -> "5 replicates of 1 minute kick samples" | M7: =_xlfn.XLOOKUP($E7,parent_events!$B$2:$B$56,parent_events!$J$2:$J$56,"NA") -> 1 | N7: =_xlfn.XLOOKUP($E7,parent_events!$B$2:$B$56,parent_events!$K$2:$K$56,"NA") -> decimalMinute | P7: =_xlfn.XLOOKUP($E7,parent_events!$B$2:$B$56,parent_events!$L$2:$L$56,"NA") -> Gjoljavatnet_st1 | Q7: =_xlfn.XLOOKUP($P7,localities!$B$2:$B$49,localities!$C$2:$C$49,"NA") -> Gjøljavatnet | R7: =_xlfn.XLOOKUP($P7,localities!$B$2:$B$49,localities!$D$2:$D$49,"NA") -> 1 | S7: =_xlfn.XLOOKUP($P7,localities!$B$2:$B$49,localities!$E$2:$E$49,"NA") -> 63.789261 | T7: =_xlfn.XLOOKUP($P7,localities!$B$2:$B$49,localities!$F$2:$F$49,"NA") -> 10.025173 | U7: =_xlfn.XLOOKUP($P7,localities!$B$2:$B$49,localities!$G$2:$G$49,"NA") -> WGS84 | V7: =_xlfn.XLOOKUP($P7,localities!$B$2:$B$49,localities!$H$2:$H$49,"NA") -> 5 | W7: =_xlfn.XLOOKUP($P7,localities!$B$2:$B$49,localities!$I$2:$I$49,"NA") -> NOR | X7: =_xlfn.XLOOKUP($P7,localities!$B$2:$B$49,localities!$J$2:$J$49,"NA") -> Norway | Y7: =_xlfn.XLOOKUP($P7,localities!$B$2:$B$49,localities!$K$2:$K$49,"NA") -> Sør-Trøndelag | Z7: =_xlfn.XLOOKUP($P7,localities!$B$2:$B$49,localities!$L$2:$L$49,"NA") -> Indre Fosen
B8: Gjøljavatnet_07_05_2023_round_2 | C8: 2 | E8: Gjøljavatnet_07_05_2023 | F8: =_xlfn.XLOOKUP($E8,parent_events!$B$2:$B$56,parent_events!$C$2:$C$56,"NA") -> 45053 | G8: =_xlfn.XLOOKUP($E8,parent_events!$B$2:$B$56,parent_events!$D$2:$D$56,"NA") -> 2023 | H8: =_xlfn.XLOOKUP($E8,parent_events!$B$2:$B$56,parent_events!$E$2:$E$56,"NA") -> 5 | I8: =_xlfn.XLOOKUP($E8,parent_events!$B$2:$B$56,parent_events!$F$2:$F$56,"NA") -> 7 | J8: =_xlfn.XLOOKUP($E8,parent_events!$B$2:$B$56,parent_events!$G$2:$G$56,"NA") -> 1 | K8: =_xlfn.XLOOKUP($E8,parent_events!$B$2:$B$56,parent_events!$H$2:$H$56,"NA") -> Rot (1 min) | L8: =_xlfn.XLOOKUP($E8,parent_events!$B$2:$B$56,parent_events!$I$2:$I$56,"NA") -> "5 replicates of 1 minute kick samples" | M8: =_xlfn.XLOOKUP($E8,parent_events!$B$2:$B$56,parent_events!$J$2:$J$56,"NA") -> 1 | N8: =_xlfn.XLOOKUP($E8,parent_events!$B$2:$B$56,parent_events!$K$2:$K$56,"NA") -> decimalMinute | P8: =_xlfn.XLOOKUP($E8,parent_events!$B$2:$B$56,parent_events!$L$2:$L$56,"NA") -> Gjoljavatnet_st1 | Q8: =_xlfn.XLOOKUP($P8,localities!$B$2:$B$49,localities!$C$2:$C$49,"NA") -> Gjøljavatnet | R8: =_xlfn.XLOOKUP($P8,localities!$B$2:$B$49,localities!$D$2:$D$49,"NA") -> 1 | S8: =_xlfn.XLOOKUP($P8,localities!$B$2:$B$49,localities!$E$2:$E$49,"NA") -> 63.789261 | T8: =_xlfn.XLOOKUP($P8,localities!$B$2:$B$49,localities!$F$2:$F$49,"NA") -> 10.025173 | U8: =_xlfn.XLOOKUP($P8,localities!$B$2:$B$49,localities!$G$2:$G$49,"NA") -> WGS84 | V8: =_xlfn.XLOOKUP($P8,localities!$B$2:$B$49,localities!$H$2:$H$49,"NA") -> 5 | W8: =_xlfn.XLOOKUP($P8,localities!$B$2:$B$49,localities!$I$2:$I$49,"NA") -> NOR | X8: =_xlfn.XLOOKUP($P8,localities!$B$2:$B$49,localities!$J$2:$J$49,"NA") -> Norway | Y8: =_xlfn.XLOOKUP($P8,localities!$B$2:$B$49,localities!$K$2:$K$49,"NA") -> Sør-Trøndelag | Z8: =_xlfn.XLOOKUP($P8,localities!$B$2:$B$49,localities!$L$2:$L$49,"NA") -> Indre Fosen
B9: Gjøljavatnet_07_05_2023_round_3 | C9: 3 | E9: Gjøljavatnet_07_05_2023 | F9: =_xlfn.XLOOKUP($E9,parent_events!$B$2:$B$56,parent_events!$C$2:$C$56,"NA") -> 45053 | G9: =_xlfn.XLOOKUP($E9,parent_events!$B$2:$B$56,parent_events!$D$2:$D$56,"NA") -> 2023 | H9: =_xlfn.XLOOKUP($E9,parent_events!$B$2:$B$56,parent_events!$E$2:$E$56,"NA") -> 5 | I9: =_xlfn.XLOOKUP($E9,parent_events!$B$2:$B$56,parent_events!$F$2:$F$56,"NA") -> 7 | J9: =_xlfn.XLOOKUP($E9,parent_events!$B$2:$B$56,parent_events!$G$2:$G$56,"NA") -> 1 | K9: =_xlfn.XLOOKUP($E9,parent_events!$B$2:$B$56,parent_events!$H$2:$H$56,"NA") -> Rot (1 min) | L9: =_xlfn.XLOOKUP($E9,parent_events!$B$2:$B$56,parent_events!$I$2:$I$56,"NA") -> "5 replicates of 1 minute kick samples" | M9: =_xlfn.XLOOKUP($E9,parent_events!$B$2:$B$56,parent_events!$J$2:$J$56,"NA") -> 1 | N9: =_xlfn.XLOOKUP($E9,parent_events!$B$2:$B$56,parent_events!$K$2:$K$56,"NA") -> decimalMinute | P9: =_xlfn.XLOOKUP($E9,parent_events!$B$2:$B$56,parent_events!$L$2:$L$56,"NA") -> Gjoljavatnet_st1 | Q9: =_xlfn.XLOOKUP($P9,localities!$B$2:$B$49,localities!$C$2:$C$49,"NA") -> Gjøljavatnet | R9: =_xlfn.XLOOKUP($P9,localities!$B$2:$B$49,localities!$D$2:$D$49,"NA") -> 1 | S9: =_xlfn.XLOOKUP($P9,localities!$B$2:$B$49,localities!$E$2:$E$49,"NA") -> 63.789261 | T9: =_xlfn.XLOOKUP($P9,localities!$B$2:$B$49,localities!$F$2:$F$49,"NA") -> 10.025173 | U9: =_xlfn.XLOOKUP($P9,localities!$B$2:$B$49,localities!$G$2:$G$49,"NA") -> WGS84 | V9: =_xlfn.XLOOKUP($P9,localities!$B$2:$B$49,localities!$H$2:$H$49,"NA") -> 5 | W9: =_xlfn.XLOOKUP($P9,localities!$B$2:$B$49,localities!$I$2:$I$49,"NA") -> NOR | X9: =_xlfn.XLOOKUP($P9,localities!$B$2:$B$49,localities!$J$2:$J$49,"NA") -> Norway | Y9: =_xlfn.XLOOKUP($P9,localities!$B$2:$B$49,localities!$K$2:$K$49,"NA") -> Sør-Trøndelag | Z9: =_xlfn.XLOOKUP($P9,localities!$B$2:$B$49,localities!$L$2:$L$49,"NA") -> Indre Fosen
B10: Gjøljavatnet_07_05_2023_round_4 | C10: 4 | E10: Gjøljavatnet_07_05_2023 | F10: =_xlfn.XLOOKUP($E10,parent_events!$B$2:$B$56,parent_events!$C$2:$C$56,"NA") -> 45053 | G10: =_xlfn.XLOOKUP($E10,parent_events!$B$2:$B$56,parent_events!$D$2:$D$56,"NA") -> 2023 | H10: =_xlfn.XLOOKUP($E10,parent_events!$B$2:$B$56,parent_events!$E$2:$E$56,"NA") -> 5 | I10: =_xlfn.XLOOKUP($E10,parent_events!$B$2:$B$56,parent_events!$F$2:$F$56,"NA") -> 7 | J10: =_xlfn.XLOOKUP($E10,parent_events!$B$2:$B$56,parent_events!$G$2:$G$56,"NA") -> 1 | K10: =_xlfn.XLOOKUP($E10,parent_events!$B$2:$B$56,parent_events!$H$2:$H$56,"NA") -> Rot (1 min) | L10: =_xlfn.XLOOKUP($E10,parent_events!$B$2:$B$56,parent_events!$I$2:$I$56,"NA") -> "5 replicates of 1 minute kick samples" | M10: =_xlfn.XLOOKUP($E10,parent_events!$B$2:$B$56,parent_events!$J$2:$J$56,"NA") -> 1 | N10: =_xlfn.XLOOKUP($E10,parent_events!$B$2:$B$56,parent_events!$K$2:$K$56,"NA") -> decimalMinute | P10: =_xlfn.XLOOKUP($E10,parent_events!$B$2:$B$56,parent_events!$L$2:$L$56,"NA") -> Gjoljavatnet_st1 | Q10: =_xlfn.XLOOKUP($P10,localities!$B$2:$B$49,localities!$C$2:$C$49,"NA") -> Gjøljavatnet | R10: =_xlfn.XLOOKUP($P10,localities!$B$2:$B$49,localities!$D$2:$D$49,"NA") -> 1 | S10: =_xlfn.XLOOKUP($P10,localities!$B$2:$B$49,localities!$E$2:$E$49,"NA") -> 63.789261 | T10: =_xlfn.XLOOKUP($P10,localities!$B$2:$B$49,localities!$F$2:$F$49,"NA") -> 10.025173 | U10: =_xlfn.XLOOKUP($P10,localities!$B$2:$B$49,localities!$G$2:$G$49,"NA") -> WGS84 | V10: =_xlfn.XLOOKUP($P10,localities!$B$2:$B$49,localities!$H$2:$H$49,"NA") -> 5 | W10: =_xlfn.XLOOKUP($P10,localities!$B$2:$B$49,localities!$I$2:$I$49,"NA") -> NOR | X10: =_xlfn.XLOOKUP($P10,localities!$B$2:$B$49,localities!$J$2:$J$49,"NA") -> Norway | Y10: =_xlfn.XLOOKUP($P10,localities!$B$2:$B$49,localities!$K$2:$K$49,"NA") -> Sør-Trøndelag | Z10: =_xlfn.XLOOKUP($P10,localities!$B$2:$B$49,localities!$L$2:$L$49,"NA") -> Indre Fosen
B11: Gjøljavatnet_07_05_2023_round_5 | C11: 5 | E11: Gjøljavatnet_07_05_2023 | F11: =_xlfn.XLOOKUP($E11,parent_events!$B$2:$B$56,parent_events!$C$2:$C$56,"NA") -> 45053 | G11: =_xlfn.XLOOKUP($E11,parent_events!$B$2:$B$56,parent_events!$D$2:$D$56,"NA") -> 2023 | H11: =_xlfn.XLOOKUP($E11,parent_events!$B$2:$B$56,parent_events!$E$2:$E$56,"NA") -> 5 | I11: =_xlfn.XLOOKUP($E11,parent_events!$B$2:$B$56,parent_events!$F$2:$F$56,"NA") -> 7 | J11: =_xlfn.XLOOKUP($E11,parent_events!$B$2:$B$56,parent_events!$G$2:$G$56,"NA") -> 1 | K11: =_xlfn.XLOOKUP($E11,parent_events!$B$2:$B$56,parent_events!$H$2:$H$56,"NA") -> Rot (1 min) | L11: =_xlfn.XLOOKUP($E11,parent_events!$B$2:$B$56,parent_events!$I$2:$I$56,"NA") -> "5 replicates of 1 minute kick samples" | M11: =_xlfn.XLOOKUP($E11,parent_events!$B$2:$B$56,parent_events!$J$2:$J$56,"NA") -> 1 | N11: =_xlfn.XLOOKUP($E11,parent_events!$B$2:$B$56,parent_events!$K$2:$K$56,"NA") -> decimalMinute | P11: =_xlfn.XLOOKUP($E11,parent_events!$B$2:$B$56,parent_events!$L$2:$L$56,"NA") -> Gjoljavatnet_st1 | Q11: =_xlfn.XLOOKUP($P11,localities!$B$2:$B$49,localities!$C$2:$C$49,"NA") -> Gjøljavatnet | R11: =_xlfn.XLOOKUP($P11,localities!$B$2:$B$49,localities!$D$2:$D$49,"NA") -> 1 | S11: =_xlfn.XLOOKUP($P11,localities!$B$2:$B$49,localities!$E$2:$E$49,"NA") -> 63.789261 | T11: =_xlfn.XLOOKUP($P11,localities!$B$2:$B$49,localities!$F$2:$F$49,"NA") -> 10.025173 | U11: =_xlfn.XLOOKUP($P11,localities!$B$2:$B$49,localities!$G$2:$G$49,"NA") -> WGS84 | V11: =_xlfn.XLOOKUP($P11,localities!$B$2:$B$49,localities!$H$2:$H$49,"NA") -> 5 | W11: =_xlfn.XLOOKUP($P11,localities!$B$2:$B$49,localities!$I$2:$I$49,"NA") -> NOR | X11: =_xlfn.XLOOKUP($P11,localities!$B$2:$B$49,localities!$J$2:$J$49,"NA") -> Norway | Y11: =_xlfn.XLOOKUP($P11,localities!$B$2:$B$49,localities!$K$2:$K$49,"NA") -> Sør-Trøndelag | Z11: =_xlfn.XLOOKUP($P11,localities!$B$2:$B$49,localities!$L$2:$L$49,"NA") -> Indre Fosen
B12: Storvatnet_07_05_2023_round_1 | C12: 1 | E12: Storvatnet_07_05_2023 | F12: =_xlfn.XLOOKUP($E12,parent_events!$B$2:$B$56,parent_events!$C$2:$C$56,"NA") -> 45053 | G12: =_xlfn.XLOOKUP($E12,parent_events!$B$2:$B$56,parent_events!$D$2:$D$56,"NA") -> 2023 | H12: =_xlfn.XLOOKUP($E12,parent_events!$B$2:$B$56,parent_events!$E$2:$E$56,"NA") -> 5 | I12: =_xlfn.XLOOKUP($E12,parent_events!$B$2:$B$56,parent_events!$F$2:$F$56,"NA") -> 7 | J12: =_xlfn.XLOOKUP($E12,parent_events!$B$2:$B$56,parent_events!$G$2:$G$56,"NA") -> 1 | K12: =_xlfn.XLOOKUP($E12,parent_events!$B$2:$B$56,parent_events!$H$2:$H$56,"NA") -> Rot (1 min) | L12: =_xlfn.XLOOKUP($E12,parent_events!$B$2:$B$56,parent_events!$I$2:$I$56,"NA") -> "5 replicates of 1 minute kick samples" | M12: =_xlfn.XLOOKUP($E12,parent_events!$B$2:$B$56,parent_events!$J$2:$J$56,"NA") -> 1 | N12: =_xlfn.XLOOKUP($E12,parent_events!$B$2:$B$56,parent_events!$K$2:$K$56,"NA") -> decimalMinute | P12: =_xlfn.XLOOKUP($E12,parent_events!$B$2:$B$56,parent_events!$L$2:$L$56,"NA") -> Storvatnet_st1 | Q12: =_xlfn.XLOOKUP($P12,localities!$B$2:$B$49,localities!$C$2:$C$49,"NA") -> Storvatnet | R12: =_xlfn.XLOOKUP($P12,localities!$B$2:$B$49,localities!$D$2:$D$49,"NA") -> 1 | S12: =_xlfn.XLOOKUP($P12,localities!$B$2:$B$49,localities!$E$2:$E$49,"NA") -> 63.621178 | T12: =_xlfn.XLOOKUP($P12,localities!$B$2:$B$49,localities!$F$2:$F$49,"NA") -> 10.233376 | U12: =_xlfn.XLOOKUP($P12,localities!$B$2:$B$49,localities!$G$2:$G$49,"NA") -> WGS84 | V12: =_xlfn.XLOOKUP($P12,localities!$B$2:$B$49,localities!$H$2:$H$49,"NA") -> 5 | W12: =_xlfn.XLOOKUP($P12,localities!$B$2:$B$49,localities!$I$2:$I$49,"NA") -> NOR | X12: =_xlfn.XLOOKUP($P12,localities!$B$2:$B$49,localities!$J$2:$J$49,"NA") -> Norway | Y12: =_xlfn.XLOOKUP($P12,localities!$B$2:$B$49,localities!$K$2:$K$49,"NA") -> Nord-Trøndelag | Z12: =_xlfn.XLOOKUP($P12,localities!$B$2:$B$49,localities!$L$2:$L$49,"NA") -> Indre Fosen
B13: Storvatnet_07_05_2023_round_2 | C13: 2 | E13: Storvatnet_07_05_2023 | F13: =_xlfn.XLOOKUP($E13,parent_events!$B$2:$B$56,parent_events!$C$2:$C$56,"NA") -> 45053 | G13: =_xlfn.XLOOKUP($E13,parent_events!$B$2:$B$56,parent_events!$D$2:$D$56,"NA") -> 2023 | H13: =_xlfn.XLOOKUP($E13,parent_events!$B$2:$B$56,parent_events!$E$2:$E$56,"NA") -> 5 | I13: =_xlfn.XLOOKUP($E13,parent_events!$B$2:$B$56,parent_events!$F$2:$F$56,"NA") -> 7 | J13: =_xlfn.XLOOKUP($E13,parent_events!$B$2:$B$56,parent_events!$G$2:$G$56,"NA") -> 1 | K13: =_xlfn.XLOOKUP($E13,parent_events!$B$2:$B$56,parent_events!$H$2:$H$56,"NA") -> Rot (1 min) | L13: =_xlfn.XLOOKUP($E13,parent_events!$B$2:$B$56,parent_events!$I$2:$I$56,"NA") -> "5 replicates of 1 minute kick samples" | M13: =_xlfn.XLOOKUP($E13,parent_events!$B$2:$B$56,parent_events!$J$2:$J$56,"NA") -> 1 | N13: =_xlfn.XLOOKUP($E13,parent_events!$B$2:$B$56,parent_events!$K$2:$K$56,"NA") -> decimalMinute | P13: =_xlfn.XLOOKUP($E13,parent_events!$B$2:$B$56,parent_events!$L$2:$L$56,"NA") -> Storvatnet_st1 | Q13: =_xlfn.XLOOKUP($P13,localities!$B$2:$B$49,localities!$C$2:$C$49,"NA") -> Storvatnet | R13: =_xlfn.XLOOKUP($P13,localities!$B$2:$B$49,localities!$D$2:$D$49,"NA") -> 1 | S13: =_xlfn.XLOOKUP($P13,localities!$B$2:$B$49,localities!$E$2:$E$49,"NA") -> 63.621178 | T13: =_xlfn.XLOOKUP($P13,localities!$B$2:$B$49,localities!$F$2:$F$49,"NA") -> 10.233376 | U13: =_xlfn.XLOOKUP($P13,localities!$B$2:$B$49,localities!$G$2:$G$49,"NA") -> WGS84 | V13: =_xlfn.XLOOKUP($P13,localities!$B$2:$B$49,localities!$H$2:$H$49,"NA") -> 5 | W13: =_xlfn.XLOOKUP($P13,localities!$B$2:$B$49,localities!$I$2:$I$49,"NA") -> NOR | X13: =_xlfn.XLOOKUP($P13,localities!$B$2:$B$49,localities!$J$2:$J$49,"NA") -> Norway | Y13: =_xlfn.XLOOKUP($P13,localities!$B$2:$B$49,localities!$K$2:$K$49,"NA") -> Nord-Trøndelag | Z13: =_xlfn.XLOOKUP($P13,localities!$B$2:$B$49,localities!$L$2:$L$49,"NA") -> Indre Fosen
... B224: Stor-Drakstsjøen_19_06_2024_round_3 | C224: 3 | E224: Stor-Drakstsjøen_19_06_2024 | F224: =_xlfn.XLOOKUP($E224,parent_events!$B$2:$B$56,parent_events!$C$2:$C$56,"NA") -> 45462 | G224: =_xlfn.XLOOKUP($E224,parent_events!$B$2:$B$56,parent_events!$D$2:$D$56,"NA") -> 2024 | H224: =_xlfn.XLOOKUP($E224,parent_events!$B$2:$B$56,parent_events!$E$2:$E$56,"NA") -> 6 | I224: =_xlfn.XLOOKUP($E224,parent_events!$B$2:$B$56,parent_events!$F$2:$F$56,"NA") -> 19 | J224: =_xlfn.XLOOKUP($E224,parent_events!$B$2:$B$56,parent_events!$G$2:$G$56,"NA") -> 4 | K224: =_xlfn.XLOOKUP($E224,parent_events!$B$2:$B$56,parent_events!$H$2:$H$56,"NA") -> Rot (1 min) | L224: =_xlfn.XLOOKUP($E224,parent_events!$B$2:$B$56,parent_events!$I$2:$I$56,"NA") -> "3 replicates of 1 minute kick samples" | M224: =_xlfn.XLOOKUP($E224,parent_events!$B$2:$B$56,parent_events!$J$2:$J$56,"NA") -> 1 | N224: =_xlfn.XLOOKUP($E224,parent_events!$B$2:$B$56,parent_events!$K$2:$K$56,"NA") -> decimalMinute | P224: =_xlfn.XLOOKUP($E224,parent_events!$B$2:$B$56,parent_events!$L$2:$L$56,"NA") -> Stor-Drakstsjoen_st1 | Q224: =_xlfn.XLOOKUP($P224,localities!$B$2:$B$49,localities!$C$2:$C$49,"NA") -> Stor-Drakstsjøen | R224: =_xlfn.XLOOKUP($P224,localities!$B$2:$B$49,localities!$D$2:$D$49,"NA") -> 1 | S224: =_xlfn.XLOOKUP($P224,localities!$B$2:$B$49,localities!$E$2:$E$49,"NA") -> 63.286461 | T224: =_xlfn.XLOOKUP($P224,localities!$B$2:$B$49,localities!$F$2:$F$49,"NA") -> 10.802471 | U224: =_xlfn.XLOOKUP($P224,localities!$B$2:$B$49,localities!$G$2:$G$49,"NA") -> WGS84 | V224: =_xlfn.XLOOKUP($P224,localities!$B$2:$B$49,localities!$H$2:$H$49,"NA") -> 5 | W224: =_xlfn.XLOOKUP($P224,localities!$B$2:$B$49,localities!$I$2:$I$49,"NA") -> NOR | X224: =_xlfn.XLOOKUP($P224,localities!$B$2:$B$49,localities!$J$2:$J$49,"NA") -> Norway | Y224: =_xlfn.XLOOKUP($P224,localities!$B$2:$B$49,localities!$K$2:$K$49,"NA") -> Sør-Trøndelag | Z224: =_xlfn.XLOOKUP($P224,localities!$B$2:$B$49,localities!$L$2:$L$49,"NA") -> Selbu

Sheet parent_events
A1: parentEventID | B1: internal_parentEventID | C1: eventDate | D1: year | E1: month | F1: day | G1: periodNumber | H1: samplingProtocol | I1: samplingEffort | J1: sampleSizeValue | K1: sampleSizeUnit | L1: internal_locationID
B2: Barsetvatnet_05_05_2023 | C2: 45051 | D2: 2023 | E2: 5 | F2: 5 | G2: 1 | H2: Rot (1 min) | I2: "5 replicates of 1 minute kick samples" | J2: 1 | K2: decimalMinute | L2: Barsetvatnet_st1
B3: Gjøljavatnet_07_05_2023 | C3: 45053 | D3: 2023 | E3: 5 | F3: 7 | G3: 1 | H3: Rot (1 min) | I3: "5 replicates of 1 minute kick samples" | J3: 1 | K3: decimalMinute | L3: Gjoljavatnet_st1
B4: Storvatnet_07_05_2023 | C4: 45053 | D4: 2023 | E4: 5 | F4: 7 | G4: 1 | H4: Rot (1 min) | I4: "5 replicates of 1 minute kick samples" | J4: 1 | K4: decimalMinute | L4: Storvatnet_st1
B5: Roksetvatnet_07_05_2023 | C5: 45053 | D5: 2023 | E5: 5 | F5: 7 | G5: 1 | L5: Roksetvatnet_st1
B6: Kilvatnet_11_05_2023 | C6: 45057 | D6: 2023 | E6: 5 | F6: 11 | G6: 1 | H6: Rot (1 min) | I6: "5 replicates of 1 minute kick samples" | J6: 1 | K6: decimalMinute | L6: Kilvatnet_st1
B7: Stor-Drakstsjøen_11_05_2023 | C7: 45057 | D7: 2023 | E7: 5 | F7: 11 | G7: 1 | H7: Rot (1 min) | I7: "5 replicates of 1 minute kick samples" | J7: 1 | K7: decimalMinute | L7: Stor-Drakstsjoen_st1
B8: Roksetvatnet_22_05_2023 | C8: 45068 | D8: 2023 | E8: 5 | F8: 22 | G8: 2 | H8: Rot (1 min) | I8: "5 replicates of 1 minute kick samples" | J8: 1 | K8: decimalMinute | L8: Roksetvatnet_st1
B9: Barsetvatnet_22_05_2023 | C9: 45068 | D9: 2023 | E9: 5 | F9: 22 | G9: 2 | H9: Rot (1 min) | I9: "5 replicates of 1 minute kick samples" | J9: 1 | K9: decimalMinute | L9: Barsetvatnet_st1
B10: Gjøljavatnet_22_05_2023 | C10: 45068 | D10: 2023 | E10: 5 | F10: 22 | G10: 2 | H10: Rot (1 min) | I10: "5 replicates of 1 minute kick samples" | J10: 1 | K10: decimalMinute | L10: Gjoljavatnet_st1
B11: Storvatnet_22_05_2023 | C11: 45068 | D11: 2023 | E11: 5 | F11: 22 | G11: 2 | H11: Rot (1 min) | I11: "5 replicates of 1 minute kick samples" | J11: 1 | K11: decimalMinute | L11: Storvatnet_st1
B12: Stor-Drakstsjøen_24_05_2023 | C12: 45070 | D12: 2023 | E12: 5 | F12: 24 | G12: 2 | H12: Rot (1 min) | I12: "5 replicates of 1 minute kick samples" | J12: 1 | K12: decimalMinute | L12: Stor-Drakstsjoen_st1
B13: Kilvatnet_24_05_2023 | C13: 45070 | D13: 2023 | E13: 5 | F13: 24 | G13: 2 | H13: Rot (1 min) | I13: "5 replicates of 1 minute kick samples" | J13: 1 | K13: decimalMinute | L13: Kilvatnet_st1
B14: Stor-Drakstsjøen_07_06_2023 | C14: 45084 | D14: 2023 | E14: 6 | F14: 7 | G14: 3 | H14: Rot (1 min) | I14: "5 replicates of 1 minute kick samples" | J14: 1 | K14: decimalMinute | L14: Stor-Drakstsjoen_st1
B15: Kilvatnet_07_06_2023 | C15: 45084 | D15: 2023 | E15: 6 | F15: 7 | G15: 3 | H15: Rot (1 min) | I15: "5 replicates of 1 minute kick samples" | J15: 1 | K15: decimalMinute | L15: Kilvatnet_st1
B16: Roksetvatnet_08_06_2023 | C16: 45085 | D16: 2023 | E16: 6 | F16: 8 | G16: 3 | H16: Rot (1 min) | I16: "5 replicates of 1 minute kick samples" | J16: 1 | K16: decimalMinute | L16: Roksetvatnet_st1
B17: Barsetvatnet_08_06_2023 | C17: 45085 | D17: 2023 | E17: 6 | F17: 8 | G17: 3 | H17: Rot (1 min) | I17: "5 replicates of 1 minute kick samples" | J17: 1 | K17: decimalMinute | L17: Barsetvatnet_st1
... B56: Stor-Drakstsjøen_19_06_2024 | C56: 45462 | D56: 2024 | E56: 6 | F56: 19 | G56: 4 | H56: Rot (1 min) | I56: "3 replicates of 1 minute kick samples" | J56: 1 | K56: decimalMinute | L56: Stor-Drakstsjoen_st1

Sheet localities
A1: locationID | B1: internal_locationID | C1: locality | D1: stationNumber | E1: decimalLatitude | F1: decimalLongitude | G1: geodeticDatum | H1: coordinateUncertaintyInMeters | I1: countryCode | J1: country | K1: stateProvince | L1: county
B2: Barsetvatnet_st1 | C2: Barsetvatnet | D2: 1 | E2: 63.797786 | F2: 9.8281853 | G2: WGS84 | H2: 5 | I2: NOR | J2: Norway | K2: Sør-Trøndelag | L2: Ørland
B3: Gjoljavatnet_st1 | C3: Gjøljavatnet | D3: 1 | E3: 63.789261 | F3: 10.025173 | G3: WGS84 | H3: 5 | I3: NOR | J3: Norway | K3: Sør-Trøndelag | L3: Indre Fosen
B4: Kilvatnet_st1 | C4: Kilvatnet | D4: 1 | E4: 63.344791 | F4: 10.550017 | G4: WGS84 | H4: 5 | I4: NOR | J4: Norway | K4: Sør-Trøndelag | L4: Trondheim
B5: Roksetvatnet_st1 | C5: Roksetvatnet | D5: 1 | E5: 63.654024 | F5: 10.066431 | G5: WGS84 | H5: 5 | I5: NOR | J5: Norway | K5: Sør-Trøndelag | L5: Indre Fosen
B6: Stor-Drakstsjoen_st1 | C6: Stor-Drakstsjøen | D6: 1 | E6: 63.286461 | F6: 10.802471 | G6: WGS84 | H6: 5 | I6: NOR | J6: Norway | K6: Sør-Trøndelag | L6: Selbu
B7: Storvatnet_st1 | C7: Storvatnet | D7: 1 | E7: 63.621178 | F7: 10.233376 | G7: WGS84 | H7: 5 | I7: NOR | J7: Norway | K7: Nord-Trøndelag | L7: Indre Fosen

Sheet README
B1: GBIF IPT Template:
B2: Sampling Event Data
B4: Use this template for filling in species data derived from standardized protocols for measuring and observing biodiversity. Upload the template to the IPT where it can be published in Darwin Core Archive (DwC-A) format. Note this template includes two sheets: the Sampling Events sheet must be mapped to the Event Core, and the Associated Occurrences must be mapped to the Occurrence Extension (in the IPT).
A6: Sheet Name | B6: Purpose
A7: Sampling Events | B7: This sheet is used to record the list of sampling events indicating what protocol was followed, and information about its sample size and its locality. To enable researchers to infer absence of particular species from events, be sure to include the event even if it has no associated occurrence data. Furthermore, make sure to indicate the "parentEventID" for each event when it is part of an event series.
B8: Notes:
B9: #1. The header row shows required and recommended terms. Hover over the cell to find out if it's required or recommended, and to obtain a definition of the term examples.
B10: #2. Additional columns can be added, but you should only use DwC term names from the Event Core: http://rs.gbif.org/core/dwc_event_2016_06_21.xml
B11: #3. Columns can be reordered, but the header name (equal to a DwC term name) cannot be changed. | C11: obs nei! Ikke endre rekkefølge
B12: #4. Enter lists using the pipe (“|”) character as a separator, for applicable DwC terms only.
A14: Associated Occurrences | B14: This sheet is used to record the occurrence data derived from (associated to) each sampling event. Each record must link to a sampling event via its eventID. Although redundant in some cases, the abundance/cover of the species should be recorded using "individualCount" and the combination of "organismQuantity"/"organismQuantityType". Presence/absence data can be recorded by setting "occurrenceStatus" to "present" or "absent". Only provide a location for individual occurrences if it is different from the location of the event, otherwise the location gets inherted from the event.
B15: Notes:
B16: #1. The header row shows required and recommended terms. Hover over the cell to find out if it's required or recommended, and to obtain a definition of the term examples.
B17: #2. Additional columns can be added, but you should use DwC term names from the Occurrence Extension: http://rs.gbif.org/core/dwc_occurrence_2015-07-02.xml
B18: #3. Columns can be reordered, but the header name (equal to a DwC term name) cannot be changed.
B19: #4. Enter lists using the pipe (“|”) character as a separator, for applicable DwC terms only.
A23: Own notes:
A24: Koordinater for roteprøver, (feilmargin på ca 50 meter?)
A25: For taxon names: Legg til ikke-EPT taxa, nå inneholder arket kun EPT-arter.
A26: Vurdere om vi alle skal ha hvert vårt ark for innføring av associated_occurrences, for å unngå rot. Kan lastes opp til R som separate filer og merges der. Viktig at kolonnenavn forblir det samme.
A28: Gul = required, Orange = strongly recommended
A29: The required and recommended columns are based on GBIF data quality requirement information pages for event and occurrence data. If the two differ, the most strict requirement is used.
A30: https://www.gbif.org/data-quality-requirements-sampling-events
A31: https://www.gbif.org/data-quality-requirements-occurrences
